[
    {
        "18": 2
    },
    {
        "8212": 7
    },
    {
        "172088": 2
    },
    {
        "172099": 2
    },
    {
        "172109": 4
    },
    {
        "1122388": 2
    },
    {
        "163928": 3
    },
    {
        "65639": 114
    },
    {
        "16502": 2
    },
    {
        "172174": 3
    },
    {
        "164003": 2
    },
    {
        "1327294": 2
    },
    {
        "164039": 2
    },
    {
        "32987": 2
    },
    {
        "164077": 2
    },
    {
        "106791": 4
    },
    {
        "1884485": 2
    },
    {
        "90444": 2
    },
    {
        "424": 2
    },
    {
        "1229230": 6
    },
    {
        "164283": 3
    },
    {
        "33241": 3
    },
    {
        "164323": 4
    },
    {
        "1212913": 2
    },
    {
        "115240": 2
    },
    {
        "164393": 4
    },
    {
        "164397": 6
    },
    {
        "66101": 5
    },
    {
        "131642": 2
    },
    {
        "41555": 3
    },
    {
        "164473": 4
    },
    {
        "658": 2
    },
    {
        "90776": 2
    },
    {
        "49824": 2
    },
    {
        "123557": 2
    },
    {
        "8873": 4
    },
    {
        "8895": 2
    },
    {
        "725": 3
    },
    {
        "728": 3
    },
    {
        "25306": 2
    },
    {
        "131820": 2
    },
    {
        "33527": 21
    },
    {
        "49918": 2
    },
    {
        "8975": 3
    },
    {
        "17179": 2
    },
    {
        "1377051": 8
    },
    {
        "17186": 2
    },
    {
        "821": 5
    },
    {
        "17265": 2
    },
    {
        "33689": 7
    },
    {
        "935": 2
    },
    {
        "50117": 25
    },
    {
        "156648": 39
    },
    {
        "1005": 2
    },
    {
        "107515": 126
    },
    {
        "50217": 3
    },
    {
        "33835": 2
    },
    {
        "181299": 2
    },
    {
        "58428": 26
    },
    {
        "17490": 3
    },
    {
        "50346": 2
    },
    {
        "58541": 3
    },
    {
        "58549": 8
    },
    {
        "83141": 2
    },
    {
        "58565": 2
    },
    {
        "1254614": 4
    },
    {
        "91351": 2
    },
    {
        "66785": 2
    },
    {
        "25869": 3
    },
    {
        "58643": 5
    },
    {
        "50464": 2
    },
    {
        "91461": 35
    },
    {
        "1213801": 2
    },
    {
        "91508": 2
    },
    {
        "9632": 2
    },
    {
        "17874": 10
    },
    {
        "1017302": 2
    },
    {
        "1041923": 17
    },
    {
        "67102": 2
    },
    {
        "116299": 2
    },
    {
        "58966": 3
    },
    {
        "1214060": 4
    },
    {
        "1214061": 2
    },
    {
        "91827": 2
    },
    {
        "91831": 3
    },
    {
        "42694": 77
    },
    {
        "83701": 4
    },
    {
        "59156": 78
    },
    {
        "116515": 3
    },
    {
        "59172": 2
    },
    {
        "206637": 192
    },
    {
        "59201": 2
    },
    {
        "59207": 2
    },
    {
        "59219": 2
    },
    {
        "59222": 3
    },
    {
        "26473": 2
    },
    {
        "18285": 2
    },
    {
        "1902": 2
    },
    {
        "59254": 9
    },
    {
        "10136": 2
    },
    {
        "239541": 5
    },
    {
        "133047": 3
    },
    {
        "1986": 3
    },
    {
        "1452000": 2
    },
    {
        "42993": 2
    },
    {
        "2059": 3
    },
    {
        "2141": 2
    },
    {
        "1411183": 2
    },
    {
        "51329": 2
    },
    {
        "51381": 4
    },
    {
        "2230": 2
    },
    {
        "2256": 3
    },
    {
        "2257": 4
    },
    {
        "67838": 2
    },
    {
        "141610": 2
    },
    {
        "59693": 2
    },
    {
        "10556": 2
    },
    {
        "10582": 16
    },
    {
        "108890": 6
    },
    {
        "59739": 2
    },
    {
        "1214821": 2
    },
    {
        "43366": 3
    },
    {
        "1214822": 2
    },
    {
        "141748": 3
    },
    {
        "92611": 2
    },
    {
        "84422": 6
    },
    {
        "27107": 7
    },
    {
        "10739": 2
    },
    {
        "18999": 6
    },
    {
        "92728": 2
    },
    {
        "1215037": 6
    },
    {
        "10825": 6
    },
    {
        "109180": 3
    },
    {
        "60034": 3
    },
    {
        "10963": 3
    },
    {
        "60117": 2
    },
    {
        "1116905": 2
    },
    {
        "76526": 5
    },
    {
        "1100549": 2
    },
    {
        "51998": 6
    },
    {
        "52003": 2
    },
    {
        "60195": 2
    },
    {
        "19239": 2
    },
    {
        "60205": 3
    },
    {
        "322377": 5
    },
    {
        "43902": 2
    },
    {
        "2962": 2
    },
    {
        "84923": 2
    },
    {
        "19392": 2
    },
    {
        "60432": 4
    },
    {
        "19489": 16
    },
    {
        "19492": 6
    },
    {
        "1485861": 9
    },
    {
        "1223758": 2
    },
    {
        "19576": 2
    },
    {
        "1215617": 2
    },
    {
        "44176": 2
    },
    {
        "68763": 30
    },
    {
        "101566": 2
    },
    {
        "60632": 2
    },
    {
        "52462": 3
    },
    {
        "11517": 2
    },
    {
        "1232195": 2
    },
    {
        "552271": 2
    },
    {
        "19797": 2
    },
    {
        "19851": 3
    },
    {
        "101781": 2
    },
    {
        "1658276": 2
    },
    {
        "1838516": 2
    },
    {
        "1355188": 2
    },
    {
        "3541": 3
    },
    {
        "118243": 2
    },
    {
        "19974": 3
    },
    {
        "1216011": 2
    },
    {
        "1224221": 2
    },
    {
        "1232493": 2
    },
    {
        "1232501": 4
    },
    {
        "1232500": 7
    },
    {
        "11903": 40
    },
    {
        "1232515": 2
    },
    {
        "1232526": 2
    },
    {
        "167566": 4
    },
    {
        "1232543": 2
    },
    {
        "1232548": 2
    },
    {
        "1232552": 2
    },
    {
        "52929": 6
    },
    {
        "1232585": 2
    },
    {
        "20189": 2
    },
    {
        "1232619": 2
    },
    {
        "1232623": 3
    },
    {
        "126713": 7
    },
    {
        "12042": 2
    },
    {
        "77585": 2
    },
    {
        "1224492": 7
    },
    {
        "12122": 2
    },
    {
        "53085": 10
    },
    {
        "1224555": 3
    },
    {
        "4012": 2
    },
    {
        "12263": 3
    },
    {
        "53260": 3
    },
    {
        "4175": 4
    },
    {
        "159850": 2
    },
    {
        "28778": 2
    },
    {
        "4250": 2
    },
    {
        "61607": 4
    },
    {
        "61664": 3
    },
    {
        "20767": 2
    },
    {
        "37156": 4
    },
    {
        "78139": 2
    },
    {
        "4430": 3
    },
    {
        "12644": 2
    },
    {
        "12645": 2
    },
    {
        "61852": 2
    },
    {
        "20899": 5
    },
    {
        "1192389": 2
    },
    {
        "45566": 2
    },
    {
        "61963": 2
    },
    {
        "37421": 2
    },
    {
        "21043": 3
    },
    {
        "176695": 2
    },
    {
        "1348212": 2
    },
    {
        "4726": 4
    },
    {
        "176762": 2
    },
    {
        "4735": 4
    },
    {
        "4738": 2
    },
    {
        "21124": 4
    },
    {
        "21125": 3
    },
    {
        "21130": 2
    },
    {
        "21143": 2
    },
    {
        "176797": 2
    },
    {
        "45726": 5
    },
    {
        "12975": 2
    },
    {
        "21179": 3
    },
    {
        "1323773": 2
    },
    {
        "2298638": 2
    },
    {
        "4887": 7
    },
    {
        "21369": 3
    },
    {
        "177022": 2
    },
    {
        "1315757": 2
    },
    {
        "2134995": 4
    },
    {
        "13299": 2
    },
    {
        "29685": 2
    },
    {
        "1217553": 3
    },
    {
        "1954844": 2
    },
    {
        "87070": 2
    },
    {
        "1217570": 2
    },
    {
        "1217588": 2
    },
    {
        "1217599": 121
    },
    {
        "1217603": 2
    },
    {
        "1217612": 3
    },
    {
        "29774": 2
    },
    {
        "1217615": 3
    },
    {
        "1217626": 3
    },
    {
        "1217637": 2
    },
    {
        "1217641": 3
    },
    {
        "1217645": 2
    },
    {
        "13473": 5
    },
    {
        "62646": 2
    },
    {
        "38085": 2
    },
    {
        "54470": 2
    },
    {
        "79087": 2
    },
    {
        "5372": 4
    },
    {
        "1225998": 2
    },
    {
        "177443": 2
    },
    {
        "54645": 3
    },
    {
        "13724": 2
    },
    {
        "1218020": 2
    },
    {
        "1218027": 3
    },
    {
        "1218075": 2
    },
    {
        "1218078": 2
    },
    {
        "1218080": 27
    },
    {
        "1218088": 2
    },
    {
        "54830": 2
    },
    {
        "1218097": 2
    },
    {
        "1226319": 2
    },
    {
        "1218141": 2
    },
    {
        "1218146": 2
    },
    {
        "1218149": 2
    },
    {
        "13936": 2
    },
    {
        "1218171": 2
    },
    {
        "38524": 3
    },
    {
        "1472127": 2
    },
    {
        "1267331": 2
    },
    {
        "1218185": 2
    },
    {
        "1652371": 2
    },
    {
        "1218215": 3
    },
    {
        "1218218": 2
    },
    {
        "1218231": 2
    },
    {
        "1218236": 2
    },
    {
        "1726156": 2
    },
    {
        "1218257": 2
    },
    {
        "22227": 274
    },
    {
        "104196": 2
    },
    {
        "30485": 4
    },
    {
        "38691": 2
    },
    {
        "63296": 2
    },
    {
        "1226618": 4
    },
    {
        "87932": 3
    },
    {
        "210826": 3
    },
    {
        "6106": 3
    },
    {
        "96228": 2
    },
    {
        "14331": 2
    },
    {
        "6165": 2
    },
    {
        "6167": 2
    },
    {
        "6174": 2
    },
    {
        "6181": 7
    },
    {
        "38951": 4
    },
    {
        "129101": 6
    },
    {
        "79997": 2
    },
    {
        "202939": 3
    },
    {
        "55496": 2
    },
    {
        "1472752": 3
    },
    {
        "1472762": 6
    },
    {
        "14592": 209
    },
    {
        "1472780": 2
    },
    {
        "1472782": 3
    },
    {
        "1472786": 5
    },
    {
        "1415436": 2
    },
    {
        "1472792": 7
    },
    {
        "22820": 9
    },
    {
        "137529": 24
    },
    {
        "1472857": 2
    },
    {
        "1472858": 3
    },
    {
        "14702": 3
    },
    {
        "1472881": 2
    },
    {
        "1472892": 2
    },
    {
        "1472895": 2
    },
    {
        "14730": 2
    },
    {
        "6541": 5
    },
    {
        "31140": 5
    },
    {
        "88496": 2
    },
    {
        "6579": 2
    },
    {
        "31166": 2
    },
    {
        "14792": 2
    },
    {
        "39389": 4
    },
    {
        "80352": 2
    },
    {
        "6677": 2
    },
    {
        "80415": 23
    },
    {
        "104997": 4
    },
    {
        "1473072": 5
    },
    {
        "55861": 2
    },
    {
        "113230": 5
    },
    {
        "6751": 2
    },
    {
        "1473125": 5
    },
    {
        "1473134": 2
    },
    {
        "1473135": 2
    },
    {
        "1473139": 2
    },
    {
        "14984": 2
    },
    {
        "55962": 2
    },
    {
        "1473187": 2
    },
    {
        "88755": 2
    },
    {
        "6861": 2
    },
    {
        "15110": 4
    },
    {
        "1219340": 12
    },
    {
        "31512": 14
    },
    {
        "31514": 4
    },
    {
        "138027": 2
    },
    {
        "7002": 2
    },
    {
        "162683": 2
    },
    {
        "1473427": 2
    },
    {
        "31649": 2
    },
    {
        "170918": 2
    },
    {
        "2063289": 3
    },
    {
        "80874": 2
    },
    {
        "15423": 3
    },
    {
        "171075": 2
    },
    {
        "23627": 7
    },
    {
        "15441": 4
    },
    {
        "2284684": 3
    },
    {
        "154784": 2
    },
    {
        "212132": 2
    },
    {
        "187565": 2
    },
    {
        "72997": 2
    },
    {
        "187712": 2
    },
    {
        "1473897": 3
    },
    {
        "187776": 3
    },
    {
        "64908": 3
    },
    {
        "7571": 2
    },
    {
        "187847": 2
    },
    {
        "130513": 2
    },
    {
        "24046": 6
    },
    {
        "65020": 2
    },
    {
        "1154564": 2
    },
    {
        "97809": 2
    },
    {
        "32287": 3
    },
    {
        "155173": 2
    },
    {
        "188013": 2
    },
    {
        "7796": 3
    },
    {
        "171649": 2
    },
    {
        "32394": 2
    },
    {
        "32396": 326
    },
    {
        "229031": 2
    },
    {
        "130735": 4
    },
    {
        "147119": 3
    },
    {
        "204468": 2
    },
    {
        "171719": 2
    },
    {
        "1474248": 2
    },
    {
        "106187": 5
    },
    {
        "171733": 3
    },
    {
        "24293": 2
    },
    {
        "24305": 5
    },
    {
        "16131": 5
    },
    {
        "2047754": 15
    },
    {
        "81681": 2
    },
    {
        "81683": 3
    },
    {
        "81685": 2
    },
    {
        "212797": 2
    },
    {
        "155456": 2
    },
    {
        "65345": 4
    },
    {
        "106322": 2
    },
    {
        "163670": 3
    },
    {
        "73569": 2
    },
    {
        "171886": 7
    },
    {
        "163695": 9
    },
    {
        "155574": 2
    },
    {
        "163775": 2
    },
    {
        "57286": 2
    },
    {
        "1228776": 2
    },
    {
        "8171": 2
    },
    {
        "106490": 2
    }
]